pr	tia	10
wh	a	8
hr	a	8
tt	a	8
h	a	7
hh	a	7
pr	a	6
r	a	6
hk	a	6
kt	a	6
th	a	6
tp	a	6
k	a	5
hh	tia	5
kr	a	5
t	ina	5
p	a	5
pk	tia	5
pn	tia	5
rh	a	5
rr	a	5
t	a	5
tr	a	5
whkh	tia	5
kh	tia	4
wh	tia	4
whn	tia	4
hn	a	4
kk	a	4
kp	a	4
mr	a	4
pk	a	4
pt	a	4
rp	a	4
tk	a	4
tk	na	4
tpk	tia	4
twh	a	4
whkhr	a	4
whkt	a	4
kr	tia	3
hr	hia	3
n	mia	3
kpr	a	3
kh	a	3
k	ia	3
mk	a	3
p	ngia	3
pn	a	3
prm	tia	3
rng	hia	3
th	tia	3
tp	tia	3
tkr	tia	3
trw	tia	3
ttk	na	3
twhr	tia	3
tn	a	3
whwh	a	3
whk	tia	3
whkr	a	3
whkr	tia	3
whkm	a	3
whkpp	tia	3
whkpr	a	3
whkrr	a	3
whktt	ngia	3
whktp	ria	3
whkwh	a	3
wht	a	3
k	na	2
m	tia	2
pt	ria	2
r	hia	2
rh	na	2
twh	tia	2
tt	tia	2
r	tia	2
p	ina	2
hkhk	a	2
hng	a	2
hrhr	a	2
hhr	tia	2
hk	ia	2
hr	tia	2
hk	na	2
khk	na	2
kk	ria	2
kr	hia	2
kt	hia	2
kwhk	na	2
k	ina	2
khr	tia	2
kpn	a	2
km	a	2
mhr	tia	2
mh	a	2
mt	ria	2
mt	a	2
mn	tia	2
mtmt	a	2
m	a	2
mm	a	2
nt	a	2
nk	hia	2
nknk	hia	2
ng	a	2
nm	a	2
t	tia	2
ph	tia	2
phr	tia	2
pkr	a	2
png	a	2
pwhr	tia	2
ph	a	2
pp	a	2
prng	tia	2
rh	tia	2
rk	tia	2
rm	a	2
rn	a	2
rwhr	tia	2
rt	a	2
rk	hia	2
thth	a	2
tr	tia	2
tktk	na	2
tm	tia	2
tng	hia	2
tpp	tia	2
t	ria	2
thr	a	2
tng	tia	2
tpk	na	2
ttr	a	2
tktk	a	2
wr	a	2
wr	hia	2
whwh	ria	2
whr	tia	2
whkr	hia	2
whkt	ria	2
whkk	a	2
whkn	tia	2
whkh	a	2
whkhk	a	2
whkhhr	tia	2
whkp	tia	2
whkkr	tia	2
whkmhr	tia	2
whkmh	a	2
whkmm	tia	2
whkmn	a	2
whkmr	tia	2
whkmtt	ria	2
whkmt	a	2
whkp	a	2
whkpkk	tia	2
whkrw	tia	2
whkwr	a	2
whkwhr	tia	2
whwh	tia	2
whr	a	2
h	ria	1
hh	ngia	1
kk	na	1
krkr	tia	1
mn	ngia	1
m	hia	1
mm	tia	1
p	hia	1
pp	hia	1
p	ria	1
rtk	na	1
r	ngia	1
rh	ina	1
r	mia	1
rr	mia	1
t	hia	1
wk	tia	1
fkrrng	tia	1
hn	tia	1
hkr	a	1
hmn	tia	1
hp	nga	1
hhk	tia	1
hpp	tia	1
hwh	tia	1
hng	tia	1
hk	tia	1
hng	na	1
hpk	na	1
hw	a	1
hkhk	na	1
hkmrmr	a	1
hnghng	a	1
hp	kia	1
hr	mia	1
hrm	a	1
h	hia	1
h	ia	1
h	ina	1
hm	a	1
hnhn	a	1
hpk	tia	1
ht	a	1
nk	tia	1
n	a	1
k	ngia	1
k	nga	1
kngk	tia	1
kpn	hia	1
kkh	ria	1
kkr	hia	1
kng	a	1
kp	hia	1
krk	tia	1
krng	hia	1
krpt	a	1
krwh	a	1
kt	ina	1
k	ria	1
k	tia	1
kmt	tia	1
kwh	tia	1
kw	a	1
kwr	tia	1
ktkt	a	1
kkn	tia	1
km	hia	1
kn	tia	1
khkh	a	1
khr	a	1
kng	tia	1
kkr	tia	1
kmr	a	1
km	tia	1
kmt	a	1
knt	a	1
kpk	tia	1
kpk	na	1
kpn	tia	1
kpnpn	tia	1
krng	tia	1
krr	tia	1
krr	a	1
kwht	tia	1
kwhr	a	1
kwht	hia	1
mhng	tia	1
mhrhr	tia	1
mhmh	a	1
mkr	hia	1
mkt	ria	1
mmng	tia	1
mnk	tia	1
mnk	hia	1
mn	a	1
mp	a	1
mrn	tia	1
mr	hia	1
mtk	na	1
mtktk	na	1
m	ria	1
mkmk	hia	1
mmk	hia	1
mnt	tia	1
mrk	tia	1
mh	tia	1
mkt	tia	1
mn	kia	1
mt	kia	1
mt	hia	1
mkmk	a	1
mn	ia	1
nn	mia	1
nrng	tia	1
nh	tia	1
nh	a	1
ngh	a	1
ngk	a	1
ngr	a	1
ngng	a	1
ngt	a	1
nk	a	1
n	tia	1
nh	ia	1
nk	ia	1
nkr	tia	1
m	kia	1
nn	tia	1
n	kia	1
pkrh	tia	1
pkng	tia	1
pkrkr	a	1
pkw	tia	1
pnpn	a	1
prkth	tia	1
prn	tia	1
pt	hia	1
phph	a	1
pk	ina	1
prh	tia	1
png	tia	1
pnh	tia	1
p	tia	1
pr	ngia	1
phh	tia	1
pk	ia	1
pn	ia	1
pp	tia	1
ppp	tia	1
prpr	tia	1
prr	tia	1
prwh	a	1
pt	tia	1
pt	kia	1
p	ia	1
pw	tia	1
pwh	a	1
prpr	a	1
pt	ina	1
rhrh	a	1
rng	a	1
rngh	a	1
rngrng	a	1
rp	ngia	1
rp	hia	1
rrng	tia	1
rrp	hia	1
rrwh	a	1
rpt	tia	1
rt	ngia	1
rwk	tia	1
rwh	a	1
rht	tia	1
rr	ngia	1
rpk	tia	1
rrng	hia	1
rngn	tia	1
rk	na	1
rmk	na	1
rrrr	a	1
rr	tia	1
rr	hia	1
rrk	tia	1
t	ngia	1
thwhw	tia	1
th	na	1
tk	ina	1
tkh	a	1
tkkn	tia	1
tkpp	a	1
tkp	ria	1
tkr	hia	1
tkwr	tia	1
tk	tia	1
tkt	ria	1
tmr	tia	1
tm	a	1
tmm	a	1
tmm	tia	1
tnp	tia	1
tn	mia	1
tnm	tia	1
t	na	1
tp	ia	1
tph	a	1
tptp	ia	1
tptph	a	1
tpt	tia	1
tpr	tia	1
tph	tia	1
tpn	a	1
trn	tia	1
tt	ngia	1
ttm	a	1
ttr	tia	1
tt	ria	1
ttwh	a	1
tp	hia	1
tnh	tia	1
tpr	a	1
tth	tia	1
tthth	tia	1
tw	a	1
tkk	a	1
tmt	ria	1
tmr	a	1
tnhng	tia	1
tr	hia	1
ttm	tia	1
ttktk	na	1
twr	hia	1
t	kia	1
thth	ina	1
th	ngia	1
tm	kia	1
tr	na	1
thn	a	1
tkn	tia	1
tmnk	hia	1
tng	a	1
tntn	a	1
tph	kia	1
tp	ria	1
trk	na	1
trk	tia	1
twh	ia	1
twht	tia	1
mr	tia	1
rng	tia	1
rm	tia	1
wwh	a	1
w	tia	1
w	a	1
wt	tia	1
wkr	ngia	1
wmh	tia	1
wpk	tia	1
wn	a	1
wrwr	tia	1
ww	a	1
wwt	tia	1
wk	a	1
wp	a	1
wt	kia	1
wt	kina	1
wtwt	kia	1
whk	na	1
whnk	tia	1
whng	a	1
whrk	tia	1
whkrr	tia	1
whkhr	tia	1
whkkkh	ria	1
whkk	na	1
whktmr	tia	1
whkhw	a	1
whkhw	tia	1
whkhk	tia	1
whkhnm	tia	1
whkh	ngia	1
whkhm	a	1
whkhng	ia	1
whkhnr	tia	1
whkhrhr	tia	1
whkng	tia	1
whkn	mia	1
whkk	ngia	1
whkkh	ngia	1
whkkhk	tia	1
whkkhr	tia	1
whkk	ria	1
whkkkr	tia	1
whkkk	a	1
whkknwh	tia	1
whkk	tia	1
whkkp	a	1
whkkk	tia	1
whkkn	tia	1
whkkt	a	1
whkkpkp	ia	1
whkkpk	tia	1
whkkp	tia	1
whkkrkr	tia	1
whkkrmk	tia	1
whkmhn	tia	1
whkmkk	tia	1
whkmnw	tia	1
whkmn	tia	1
whkm	tia	1
whkmrm	tia	1
whkmrk	tia	1
whkmrr	tia	1
whkmtk	ria	1
whkmt	ria	1
whkmh	tia	1
whkmk	tia	1
whkmr	a	1
whknn	a	1
whkngr	a	1
whkngh	tia	1
whknghr	tia	1
whkngr	mia	1
whkng	a	1
whkngwr	tia	1
whknh	ia	1
whkn	a	1
whkr	ngia	1
whkp	kia	1
whkprhk	tia	1
whkp	ngia	1
whkpt	tia	1
whkpk	a	1
whkphh	ngia	1
whkpkr	tia	1
whkpn	hia	1
whkpt	hia	1
whkpk	na	1
whkpr	tia	1
whkphr	a	1
whkph	a	1
whkpm	tia	1
whkpt	ina	1
whkrngtr	tia	1
whkrn	a	1
whkrp	ngia	1
whkrph	tia	1
whkrppt	ngia	1
whkrt	hia	1
whkrw	a	1
whkrk	ngia	1
whkrw	ia	1
whkrrk	tia	1
whkrr	ia	1
whkrt	a	1
whkrng	hia	1
whkth	a	1
whkthr	ngia	1
whktrng	tia	1
whktkr	tia	1
whktk	na	1
whktktk	na	1
whktkt	ria	1
whktktkt	ria	1
whktngtng	hia	1
whktnk	tia	1
whktr	a	1
whktrtr	hia	1
whktrt	a	1
whktk	ia	1
whktktk	ina	1
whktmt	ngia	1
whktn	ia	1
whktrh	tia	1
whkt	kia	1
whkt	tia	1
whktp	tia	1
whktpt	ria	1
whktth	tia	1
whktwhr	tia	1
whk	ngia	1
whkrng	tia	1
whkw	kia	1
whkw	a	1
whkwrk	tia	1
whkwt	tia	1
whkww	tia	1
whkwht	tia	1
whkwhn	tia	1
whkwhrnk	tia	1
whkwht	a	1
whkwhwh	a	1
whn	a	1
whnwhn	a	1
wht	ia	1
whtwht	a	1
whr	hia	1
whtrng	tia	1
whrwhr	a	1
whtk	ria	1
